{
  "project_info": {
    "project_number": "125861054321",
    "firebase_url": "https://evoting-ff808-default-rtdb.firebaseio.com",
    "project_id": "evoting-ff808",
    "storage_bucket": "evoting-ff808.appspot.com"
  },
  "client": [
    {
      "client_info": {
        "mobilesdk_app_id": "1:125861054321:android:2208066a06c7e8e7be98d0",
        "android_client_info": {
          "package_name": "com.pgames.evoting"
        }
      },
      "oauth_client": [
        {
          "client_id": "125861054321-2j44t5lctpfdv3ouh78gi8q6lj7ec5ls.apps.googleusercontent.com",
          "client_type": 3
        }
      ],
      "api_key": [
        {
          "current_key": "AIzaSyD6K67y0WwvvjSqd0IxYA5X8tc_tdj2gnY"
        }
      ],
      "services": {
        "appinvite_service": {
          "other_platform_oauth_client": [
            {
              "client_id": "125861054321-2j44t5lctpfdv3ouh78gi8q6lj7ec5ls.apps.googleusercontent.com",
              "client_type": 3
            }
          ]
        }
      }
    }
  ],
  "configuration_version": "1"
}